epoch,mean_return,best_return,std_0,std_1,std_2,std_3,std_4,distribution_entropy,mean_duration_seconds,mean_overwhelmed_triggers,mean_impatient_triggers,mean_distracted_triggers
1,-66.1895,-39.615,0.4,0.6,0.8,0.1,0.08,0.6161190217667072,175.22833333333332,0.36666666666666664,19.633333333333333,3.966666666666667
2,-60.40416666666667,-25.57,0.40092714880983604,0.4804323716944318,0.6883804343954268,0.08084917852114878,0.07664394855504661,-0.009519798396588453,178.04166666666666,0.9666666666666667,15.8,3.566666666666667
3,-57.764,-23.055,0.3586078161822306,0.3901532605077699,0.45798051905629156,0.06753791638315966,0.12321548758125409,-0.44186416713418997,183.64000000000001,0.7,15.433333333333334,2.8666666666666667
4,-49.89516666666667,-29.9,0.24037909793903897,0.35520719110657956,0.3557137119982776,0.06529735801507254,0.156921383677536,-0.9803424780189687,167.61833333333337,0.4,12.133333333333333,3.6333333333333333
5,-42.376,-22.715000000000003,0.20823571578905353,0.44133447509345414,0.33571790453607886,0.06046998581501285,0.18821964821964518,-0.8595820073027838,153.09333333333336,0.4,10.166666666666666,2.566666666666667
6,-49.73233333333334,-21.195,0.22317200230422432,0.41862692754974146,0.2856704269001205,0.05229856964906708,0.16891232887496913,-1.2579731775214742,167.98999999999998,0.3333333333333333,13.2,2.6
7,-48.45383333333333,-15.120000000000001,0.2278107277480346,0.4047144419029751,0.18055219487999322,0.06649577840394737,0.17935643337883223,-1.4298534083063617,165.8716666666667,0.7,12.166666666666666,2.3666666666666667
8,-75.29600000000002,-17.6,0.21399030830628138,0.4788061701809342,0.16590643470741706,0.04576469976218399,0.12636418284441522,-2.1327520353347356,232.29333333333335,0.5666666666666667,21.7,3.2
9,-51.55383333333332,-22.245,0.1640516115684138,0.5923469990453649,0.14832907731650605,0.045394949011825135,0.1395310859810808,-2.206688476223076,161.53833333333333,0.4666666666666667,13.3,3.466666666666667
10,-55.6535,-15.930000000000001,0.14606804874886667,0.7396242528146009,0.09481353632331987,0.062225574676926514,0.15111182911700424,-2.1531704138100785,177.20166666666665,0.6666666666666666,15.033333333333333,2.6
11,-63.26916666666667,-16.69,0.17781476858552317,0.7058121235303145,0.11783039481726028,0.08192303236934963,0.1250935497388948,-1.6999039676545669,206.02500000000003,0.3333333333333333,18.233333333333334,2.433333333333333
12,-54.84816666666668,-14.740000000000002,0.19755407335577177,0.5456496738934713,0.17976540432397317,0.09869658240880166,0.08737411117756783,-1.6021922066438568,179.81500000000005,1.1333333333333333,13.3,2.8666666666666667
13,-50.17433333333334,-23.97,0.262265877923875,0.5293410646190851,0.18387714059335283,0.0828574738869262,0.051074795077902614,-2.0384110811150635,147.07666666666665,0.7666666666666667,12.866666666666667,3.3333333333333335
14,-66.17533333333334,-23.060000000000002,0.24014147010961712,0.3711018621535914,0.19680132359499675,0.06604931661169441,0.0389723448435431,-2.910930251850977,201.75333333333336,0.7666666666666667,19.0,2.466666666666667
15,-51.344833333333334,-22.945,0.20340768643894644,0.28887678913801373,0.20401044194913356,0.07868527808080315,0.03440342713788817,-3.2410877559487923,156.7816666666667,1.3,12.166666666666666,3.066666666666667
16,-49.3915,-15.145000000000001,0.2307019229508313,0.26087884202998635,0.2879842842828642,0.07753509136430947,0.029754919394495948,-3.0322701237090675,171.91500000000002,0.3333333333333333,13.366666666666667,2.066666666666667
17,-47.685166666666674,-17.395000000000003,0.2352490598145933,0.18799251353299182,0.2623695901154391,0.1048146384442042,0.03010991473870456,-3.1202346947645245,155.51833333333335,0.26666666666666666,13.333333333333334,2.2
18,-39.084500000000006,-14.110000000000001,0.1810829375654743,0.18433814419599878,0.23901917921996393,0.11199261848293578,0.03867670512554645,-3.178142529476861,135.51166666666668,0.5333333333333333,9.4,2.3
19,-42.77666666666667,-19.97,0.17414954715879344,0.13666487819756734,0.22399531638370057,0.17232271987220504,0.039861125400711656,-3.1202418598012542,138.43333333333334,0.2,11.833333333333334,2.2333333333333334
20,-51.844666666666676,-23.285000000000004,0.17421319173965924,0.09017781963619534,0.20082995618386928,0.12370660188734559,0.054072382463713015,-3.671325670992192,171.11333333333332,0.6,12.866666666666667,3.3
