learning_seed,epoch,mean_return,mean_duration_seconds,mean_overwhelmed_triggers,mean_impatient_triggers,mean_distracted_triggers
2684470948,0,-69.51474999999999,213.14749999999998,0.6,19.45,3.45
2684470948,1,-58.45825000000001,175.58250000000004,0.9,15.0,3.65
2684470948,2,-71.027,214.26999999999998,0.8,19.5,3.7
2684470948,3,-51.6345,162.34500000000003,0.7,13.25,3.05
2684470948,4,-48.232000000000006,156.32,0.7,11.95,2.95
2684470948,5,-71.80550000000001,225.05499999999998,0.75,19.8,3.35
2684470948,6,-63.45275,192.5275,0.6,16.9,4.0
2684470948,7,-57.33625000000001,165.3625,0.8,14.0,4.8
2684470948,8,-54.801750000000006,170.01749999999998,0.55,13.95,3.85
2684470948,9,-54.9405,174.40500000000003,0.6,14.75,2.8
2684470948,10,-50.12575,158.2575,0.5,12.0,4.15
2684470948,11,-54.47700000000001,172.77,0.65,13.7,3.6
2684470948,12,-56.011750000000006,167.1175,0.7,15.0,3.25
2684470948,13,-47.10850000000001,155.085,0.5,11.9,2.9
2684470948,14,-52.524,161.24,0.6,13.45,3.55
2684470948,15,-49.42,153.2,0.8,12.4,3.05
2684470948,16,-67.02000000000001,203.20000000000002,0.7,17.95,4.0
2684470948,17,-56.86225,164.6225,0.75,14.8,3.9
2684470948,18,-50.40050000000001,164.00500000000002,0.6,12.7,3.1
2684470948,19,-65.7385,205.38499999999993,0.55,17.85,3.65
2684470948,20,-50.314750000000004,156.14749999999998,0.85,12.25,3.4
2684470948,21,-46.16725,151.67249999999999,0.5,10.7,3.8
2684470948,22,-48.72975,155.2975,0.5,12.2,3.4
2684470948,23,-53.08700000000001,161.87,0.6,13.4,3.85
2684470948,24,-78.22200000000001,238.22000000000008,0.85,22.0,3.5
2684470948,25,-43.29625,144.9625,0.65,10.1,3.0
2684470948,26,-53.8395,166.395,0.7,13.4,3.8
2684470948,27,-84.1495,263.495,0.5,23.85,4.05
2684470948,28,-50.565000000000005,162.65000000000003,0.6,12.45,3.5
2684470948,29,-77.54925,230.49249999999998,0.6,21.8,4.25
2684470948,30,-40.0715,145.715,0.65,9.0,2.45
4091952314,0,-69.51474999999999,213.14749999999998,0.6,19.45,3.45
4091952314,1,-72.404,220.04000000000002,0.65,20.75,3.15
4091952314,2,-58.916500000000006,187.165,0.75,15.35,3.25
4091952314,3,-54.46350000000001,176.635,0.5,14.7,2.7
4091952314,4,-68.6505,210.50500000000002,0.7,19.05,3.35
4091952314,5,-46.496750000000006,153.96750000000003,0.4,12.15,2.6
4091952314,6,-64.50649999999999,201.065,0.75,17.55,3.15
4091952314,7,-44.445499999999996,141.45499999999998,0.75,10.4,3.25
4091952314,8,-43.74325,140.4325,0.6,10.65,3.0
4091952314,9,-60.093999999999994,181.94,0.4,15.8,4.35
4091952314,10,-51.8455,166.45499999999998,0.5,13.4,3.2
4091952314,11,-52.129999999999995,164.3,0.55,12.75,4.0
4091952314,12,-43.48100000000001,139.81000000000003,0.7,9.9,3.45
4091952314,13,-53.74825,168.48250000000002,0.65,13.45,3.7
4091952314,14,-44.28150000000001,141.815,0.5,10.3,3.75
4091952314,15,-50.63775,162.3775,0.65,12.45,3.45
4091952314,16,-45.6435,145.43500000000003,0.55,11.8,2.65
4091952314,17,-41.785250000000005,132.85250000000002,0.7,10.0,2.85
4091952314,18,-42.10625,139.0625,0.55,10.65,2.35
4091952314,19,-47.14975,151.4975,0.75,11.8,2.7
4091952314,20,-44.379250000000006,140.7925,0.7,10.7,3.05
4091952314,21,-43.99475,150.9475,0.45,11.6,1.95
4091952314,22,-36.993500000000004,128.935,0.3,9.3,2.15
4091952314,23,-41.022000000000006,138.22000000000003,0.7,9.8,2.4
4091952314,24,-63.90424999999999,203.0425,0.5,17.65,3.15
4091952314,25,-34.23675,120.36750000000002,0.6,8.2,1.7
4091952314,26,-46.04325000000001,147.43249999999998,0.65,11.15,3.2
4091952314,27,-42.144,140.43999999999997,0.45,10.85,2.3
4091952314,28,-84.5185,258.185,0.55,25.65,2.6
4091952314,29,-71.51499999999997,222.15,0.55,20.6,2.95
4091952314,30,-66.36949999999999,206.69500000000002,0.55,18.0,3.75
233227757,0,-69.51474999999999,213.14749999999998,0.6,19.45,3.45
233227757,1,-52.5355,165.355,0.85,12.65,3.65
233227757,2,-58.42075000000001,164.2075,0.8,15.25,4.15
233227757,3,-56.984500000000004,172.84500000000003,0.65,14.75,3.8
233227757,4,-41.54,140.4,0.6,9.65,2.9
233227757,5,-66.3125,205.125,0.45,18.35,3.65
233227757,6,-103.60449999999999,315.04499999999996,0.7,31.1,3.55
233227757,7,-54.81425,164.14249999999998,0.75,13.3,4.4
233227757,8,-51.661249999999995,171.6125,0.7,13.3,2.55
233227757,9,-63.56149999999999,195.615,0.6,17.45,3.35
233227757,10,-49.48475,166.8475,0.5,12.7,2.7
233227757,11,-63.51525,187.1525,0.7,17.15,3.85
233227757,12,-64.13725000000001,191.3725,0.95,16.9,3.7
233227757,13,-52.075250000000004,155.7525,0.85,13.3,3.25
233227757,14,-59.688750000000006,183.8875,0.7,15.35,3.9
233227757,15,-68.77074999999999,211.70749999999998,0.75,19.5,2.8
233227757,16,-51.43325,159.3325,0.6,13.1,3.45
233227757,17,-73.87025,212.70250000000004,0.8,20.7,4.0
233227757,18,-69.98100000000001,213.81,0.55,19.85,3.35
233227757,19,-68.96875,206.6875,0.6,19.2,3.75
233227757,20,-64.20250000000001,187.02500000000003,0.7,17.5,3.85
233227757,21,-62.90849999999999,198.08499999999998,0.65,16.6,3.65
233227757,22,-56.99400000000001,173.94,0.7,15.15,3.25
233227757,23,-57.625750000000004,177.2575,0.75,14.95,3.5
233227757,24,-51.35825,163.5825,0.6,12.8,3.5
233227757,25,-46.547,149.47000000000003,0.8,11.0,3.2
233227757,26,-67.577,207.76999999999998,1.0,17.8,3.6
233227757,27,-64.29525,200.9525,0.9,16.85,3.45
233227757,28,-54.04350000000001,165.435,0.8,13.35,3.8
233227757,29,-57.209,169.08999999999997,0.65,14.2,4.65
233227757,30,-47.142,149.42,0.65,11.7,3.1
3276785861,0,-69.51474999999999,213.14749999999998,0.6,19.45,3.45
3276785861,1,-48.89725,157.97250000000003,0.6,12.05,3.3
3276785861,2,-49.1055,158.055,0.65,12.3,3.05
3276785861,3,-95.29075000000002,290.9075,0.4,28.6,3.7
3276785861,4,-53.44649999999999,169.465,0.65,13.95,3.0
3276785861,5,-51.8395,159.39500000000004,0.95,12.9,3.15
3276785861,6,-80.60999999999999,242.10000000000005,0.75,23.3,3.4
3276785861,7,-47.187250000000006,146.87250000000003,0.8,10.95,3.7
3276785861,8,-56.77049999999999,175.70499999999998,0.6,15.0,3.4
3276785861,9,-51.391750000000016,161.91750000000002,0.75,13.25,2.85
3276785861,10,-48.069,155.69,0.45,11.65,3.7
3276785861,11,-58.32000000000001,173.2,0.5,15.85,3.65
3276785861,12,-62.54299999999999,194.43,0.5,16.9,3.65
3276785861,13,-74.38624999999999,229.8625,0.75,20.75,3.45
3276785861,14,-70.88475000000001,214.8475,0.7,19.75,3.55
3276785861,15,-70.00574999999999,204.0575,0.8,19.9,3.3
3276785861,16,-70.63450000000002,212.34500000000003,0.85,19.3,3.7
3276785861,17,-66.21199999999999,196.12,0.55,18.75,3.45
3276785861,18,-67.66975000000001,209.69750000000005,0.6,19.2,2.95
3276785861,19,-44.8155,148.155,0.75,10.4,3.1
3276785861,20,-54.212250000000004,171.1225,0.8,14.45,2.5
3276785861,21,-55.98199999999999,176.82,0.7,14.5,3.25
3276785861,22,-48.2695,148.69500000000002,0.75,12.15,3.05
3276785861,23,-59.89725000000001,195.97250000000003,0.55,15.5,3.55
3276785861,24,-66.43249999999999,217.325,0.7,18.05,2.9
3276785861,25,-51.150749999999995,162.50749999999996,0.7,13.25,2.8
3276785861,26,-52.3495,166.495,0.55,12.8,3.95
3276785861,27,-57.571749999999994,167.71750000000003,0.85,14.85,3.85
3276785861,28,-57.26275,172.6275,0.55,15.35,3.55
3276785861,29,-61.81400000000001,187.14,1.0,16.45,3.1
3276785861,30,-51.749249999999996,161.4925,0.6,13.05,3.55
3644269654,0,-69.51474999999999,213.14749999999998,0.6,19.45,3.45
3644269654,1,-69.3585,202.58500000000004,0.8,19.95,3.0
3644269654,2,-62.56825,199.6825,0.5,16.7,3.6
3644269654,3,-74.45,210.5,0.8,21.15,3.95
3644269654,4,-54.37125000000001,168.71250000000003,0.45,14.25,3.6
3644269654,5,-63.32750000000001,192.27499999999995,0.75,17.45,3.1
3644269654,6,-52.588750000000005,160.8875,0.6,13.1,3.95
3644269654,7,-48.31325,158.1325,0.7,12.15,2.7
3644269654,8,-52.284000000000006,164.84,0.75,12.3,4.1
3644269654,9,-68.69975000000002,184.9975,1.1,18.3,4.6
3644269654,10,-49.642,157.42000000000002,0.45,12.15,3.9
3644269654,11,-39.928000000000004,137.28000000000003,0.65,9.6,2.2
3644269654,12,-53.156499999999994,165.565,0.55,13.55,3.65
3644269654,13,-43.56175,140.6175,0.7,10.4,2.95
3644269654,14,-52.36749999999999,166.675,0.6,13.55,3.1
3644269654,15,-57.38074999999999,182.8075,0.6,15.5,2.85
3644269654,16,-41.025250000000014,143.2525,0.35,10.2,2.45
3644269654,17,-50.006750000000004,155.06749999999997,0.7,11.8,4.05
3644269654,18,-43.66,141.60000000000005,0.6,10.5,3.05
3644269654,19,-67.00225000000002,213.02249999999998,0.5,18.8,3.05
3644269654,20,-40.75725,141.57250000000002,0.8,9.25,2.45
3644269654,21,-35.691250000000004,130.91250000000002,0.4,8.4,2.1
3644269654,22,-62.311249999999994,198.1125,0.5,17.25,3.0
3644269654,23,-39.691250000000004,140.91250000000002,0.45,9.6,2.3
3644269654,24,-45.206,154.06,0.35,12.1,2.1
3644269654,25,-43.946000000000005,151.46,0.8,10.85,1.95
3644269654,26,-31.990500000000004,122.90500000000002,0.55,7.2,1.55
3644269654,27,-36.9715,134.71499999999997,0.55,8.55,2.1
3644269654,28,-44.607000000000006,145.07000000000002,0.55,11.95,2.0
3644269654,29,-32.248000000000005,117.47999999999999,0.55,7.35,1.8
3644269654,30,-29.25275,114.52749999999999,0.4,6.9,1.2
